{"data":{"Year":[2000,2000,2000,2001,2001,2001,2002,2002,2002,2003,2003,2003,2004,2004,2004,2005,2005,2005,2006,2006,2006,2007,2007,2007,2008,2008,2008,2009,2009,2009,2010,2010,2010,2011,2011,2011,2012,2012,2012,2013,2013,2013,2014,2014,2014,2015,2015,2015,2016,2016,2016,2017,2017,2017,2018,2018,2018,2019,2019,2019,2020,2020,2020],"URBANISATION":[null,"R","U",null,"R","U",null,"R","U",null,"R","U",null,"R","U",null,"R","U",null,"R","U",null,"R","U",null,"R","U",null,"R","U",null,"R","U",null,"R","U",null,"R","U",null,"R","U",null,"R","U",null,"R","U",null,"R","U",null,"R","U",null,"R","U",null,"R","U",null,"R","U"],"Value":[13.27925,0.0,30.2289,13.55671,0.0,30.39552,14.51648,0.18335,31.84129,15.7731,0.87134,33.301,17.0599,1.58229,34.77466,18.3754,2.31619,36.26227,19.72045,3.07303,37.76383,21.09455,3.85282,39.27933,22.49754,4.65556,40.80879,23.92815,5.48125,42.35218,25.38766,6.32989,43.90953,26.87477,7.20148,45.48082,28.38889,8.09602,47.06606,29.92901,9.0135,48.66525,31.49485,9.95394,50.27839,33.08617,10.91732,51.90547,34.70269,11.90365,53.5465,36.34375,12.91293,55.20148,38.00905,13.94516,56.8704,39.6979,15.00034,58.55327,41.41045,16.07846,60.25009]},"edges":[]}